Cultural Trails and Landmarks,Anza-Borrego Desert State Park,33.256196 -116.403047,Anza-Borrego Desert State Park is the largest state park in California. The park consists of five hundred miles of dirt roads^ 12 wilderness areas^ and many miles of hiking trails. The park is located 85.6 miles northeast of Downtown San Diego. The park are the homelands to the Kumeyaay and the Cahuilla. The visitor center has several exhibits about the Indigenous Peoples who lived in this area. ,None,9-5; Park: Dawn-Dusk ,http://www.parks.ca.gov/?page_id=638,
Cultural Trails and Landmarks,Cabrillo National Monument,32.674284 -117.239629,The Kumeyaay Indians inhabited the area before the Spanish sailed upon the West Coast shore. There are a limited selection of exhibits about the Tribes in the area at the Cabrillo National Monument. The exhibits include outdoor wayside panels and flat panels in the Cabrillo exhibit. However^ tribal members are an integral part of the annual Cabrillo Festival Open House which occurs in September. The Kumeyaay share their traditions and stories with thousands of Festival visitors.,$5 per vehicle^ $3 for walk-ins,M-Su 9-5,http://www.nps.gov/cabr/index.htm,
Cultural Trails and Landmarks,Chokla (Gregory Mountain) ,33.3454 -117.095332,Located near the Pala Band of Mission Indians Reservation^ Chokla (Gregory Mountain) is a sacred and important cultural and spiritual site to the Luiseno. For over twenty years^ the Pala Band of Mission Indians have been working to halt the construction of a landfill that would result in garbage being buried high up the side of Chokla and near Medicine Rock (a 40-foot high rock also considered sacred). Both sites have been deemed eligible for listing on the National Register of Historic Sites; however^ the entire area is considered culturally important. Access is restriced to Pala Tribal Members.,N/A,N/A,http://www.savegregorycanyon.org,
Cultural Trails and Landmarks,Cuyamaca Rancho State Park,32.927402 -116.563644,The Cuyamaca Rancho State Park is located 47 miles east of San Diego and encompasses 24^700 acres of forest^ meadows^ and running streams. The Kumeyaay Indians ancestors occupied the Cuyamaca mountain^ and their village sites are located throughout the state park. The healing spring^ Ah-Ha Kwe-Ah-Mac (Water Colder Water)^ is located in the park. The park's visitor center features exhibits regarding Kumeyaay life before European settlement.,$8 per vehicle,Dawn-Dusk daily,www.parks.ca.gov/?page_id=667,
Cultural Trails and Landmarks,Felicita County Park,33.082405 -117.084248,Tucked in a small valley in southwest Escondido^ Felicita County Park is one of San Diego's oldest^ and most diverse gathering places. Felicita Park is listed on the National Register of Historic Places for its rich Native American and pioneer history. With its abundance of water^ oaks^  and boulders^ the land was the site of a large Kumeyaay village and is named after Felicita LaChappa^ a Kumeyaay woman who lived in the San Pasqual Valley.,None,9:30- Sunset,http://www.sandiegocounty.gov/parks/picnic/felicita.html,
Cultural Trails and Landmarks,Kuuchamaa Mountain,32.579505 -116.688907,Kuuchamaa Mountain is located near Tecate^ CA^ and is a sacred mountain for the Kumeyaay people. The mountain is located 43 miles southeast of Downtown San Diego. Kuuchamaa was named after a powerful tribal leader who used the spiritual power from the mountain to call for peace and healing among the Kumeyaay and surrounding nations. ,N/A,N/A,http://kdlc.org/html/kuuchamaa.html,
Cultural Trails and Landmarks,Mosler Property,33.06344139999999 -116.58110870000001,The Mosler property^ located in the Cuymaca mountain area^ is part of a cultural landscape of great significance to the Kumeyaay people^ who lived in the area until the 1800s. In the late nineteeth century^ the Mosler family aquired the land. After the death of Francis Mosler^ the land was granted to the Native American Land Convervancy. The Native American Land Conservancy granted the land to the Kumeyaay Diegueno Land Conservancy. ,N/A,N/A,http://kdlc.org/html/mosler.html,
Cultural Trails and Landmarks,Piedras Pintadas Trail,33.051964 -117.076659,Located in the San Dieguito River Valley^ the trail is 28 miles North of Downtown San Diego in Escondido^ CA. Recognizing that the Kumeyaay  lived in this area for thousands of years^ information about Kumeyaay culture and resource management techniques are provided on a series of interpretive panels along the Piedras Pintadas trail.,None,Dawn-Dusk daily,http://www.sdrp.org/resources/painted/index.htm,
Cultural Trails and Landmarks,San Diego Botanic Garden,33.05263 -117.279954,The San Diego Botanic Garden is a botanical garden located in Encinitas^ California - 28.5 miles North of Downtown San Diego. The Botanic Garden encompasses 37 acres which includes a Native Plants and Native People Trail. This trail displays how Native People used the plants for food^ medicine^ clothing^ shelter^ and tools. ,Varies $8-$10/person,9am-5pm Daily,www.sdbgarden.org,
Cultural Trails and Landmarks,Sloan Canyon (Portion of) ,32.773394239997415 -116.85423202543461,In 2013^ the Kumeyaay Diegueno Land Conservancy purchased a portion of Sloan Canyon from the Sycuan Band. This property is located adjacent to the Sycuan Indian Reservation and part of the Kumeyaay homeland. This property is conserved by KDLC as permanent open space.,N/A,N/A,http://kdlc.org/html/sloan-canyon.html,
Cultural Trails and Landmarks,Trails of the Kumeyaay (Mission Trails),32.819775 -117.056515,Mission Trails Regional Park encompasses 6^800 acres of both natural and developed recreational areas. The park is located eight miles northeast of downtown San Diego. The Nature Center has a display regarding the Kumeyaay^ an outside native plant garden with an Ewaa - a traditional Kumeyaay will dwelling^ and observant hikers will find slicks^ metates^ and grinding stones throughout the park. The Nature Center^ also^ provides a quick^ natural escape from the urban hustle and bustle.The park's theater shows the video "Trails of the Kumeyaay" upon request.,None,Visitor Center: 9-5,www.mtrp.org,
Cultural Trails and Landmarks,Tecolote Canyon Natural Park & Tecolote Nature Center,32.775504 -117.197475,Tecolote Canyon is a place that is rich with history as the Kumeyaay Indians found food and shelter in the canyon. The Tecolote Canyon Natural Park & Nature Center offers a variety of educational and recreational opportunities^ as well as Kumeyaay Cultural Programs. The Canyon has approximately 6.5 miles of trails for jogging^ walking and mountain biking. A Nature Center offers a host of exhibits on the animal and plant life of the Canyon.,None,Nature Center: T-S 9-4^ Su 9-2,http://www.sandiego.gov/park-and-recreation/parks/osp/tecolote/,
Higher Education,American Indian Studies at SDSU,32.771957 -177.072727,San Diego State University (SDSU) was founded in 1897 and is the largest education institution in San Diego County. SDSU has several Indigenous programs including: American Indian Studies^ the Amererican Indian Recruitment program^ Elymash Yuuchaap Indigenous Scholars and Leaders program^ and the Native American Student Alliance (NASA). SDSU's Love Library holds over 3^500 books and media^ and over 22^000 articles of dissertations regarding Native Americans.,None,N/A,,
Higher Education,CA Indian Culture and Sovereignty Center at CSUSM,33.129191 -117.159137,The CICSC's mission is to foster collaborative research and community service relationships between the faculty^ staff^ and students of CSUSM and members of local Tribal communities^ for the purpose of developing and conducting research projects that support the maintenance of sovereignty and culture within those communities. California State University San Marcos (CSUSM) was established in 1989 and has several American Indian programs including: the American Indian Student Alliance^ an American Indian Studies Department^ a Native Advisory Council^ Tribal Liaison and the California Indian Culture & Sovereignty Center. The annual San Diego American Indian Film Festival is also held on the campus of CSUSM. ,None,N/A,www.csusm.edu/cicsc,
Higher Education,Ethnic Studies at UCSD,32.875201 -117.235811,The Universiry of California^ San Diego (UCSD) is recognized as one of the top 15 research universities worldwide. There are two main Native groups on the UCSD campus. The Native American Council (NAC) representing staff^ faculty^ and students works to promote the Native American presence on the university's campus. The Native American Student Alliance (NASA) at UCSD is a Native student organization that focuses on the Native American communities^ culture^ and issues. NASA facilitates the education surrounding Native issues at UCSD^ while maintaining a community and a safe space for Native students on campus.,None,N/A, www.nativestudents.com,
Higher Education,Kumeyaay Community College,32.778118 -116.840099,Kumeyaay Community College is located on the Sycuan Reservation near El Cajon^ CA. The mission of Kumeyaay Community College is to promote a quality education for the Kumeyaay / Diegueno Nation^ California Native American Indians^ and other individuals interested in a unique and supportive educational experience. A primary focus of KCC is to strike a healthy balance between traditional Indigenous and Western systems of knowledge. For example^ KCC focuses on educational areas such as Kumeyaay language^ history^ ethnobotany^ and arts such as basketry and pottery.,None,Variable,www.kumeyaaycommunitycollege.com,
Higher Education,Palomar Community College,33.163027 -117.161768,Palomar College is a community college located in Northern San Diego County and was established in 1946. Palomar College has an American Indian Studies/American Studies department as well as a Native American Student Alliance. Palomar College often partners with local tribes to provide college credit courses in local Native languages and history within the tribal communities.,None,N/A,http://www2.palomar.edu/pages/ais/,
Higher Education,Sycuan Institute on Tribal Gaming,32.771957 -117.072727,As part of the L. Robert Payne School of Hospitality & Tourism Management at San Diego State University^ the Sycuan Institute on Tribal Gaming (SITG) focuses on research^ policy studies^ and education related to the area of tribal gaming management. The institute^ centered in the largest tribal gaming community in the world^ is geared toward studying tribal gaming within the broader industry of hospitality and tourism management.,None,N/A,http://htm.sdsu.edu/web/index.php/centers/sycuan,
Other Native Businesses,Native Dreams,32.840232 -116.708297,Natives Dreams is a day spa located in the Viejas Outlet Center. The spa offers a full-service salon including hair^ nail^ and skin care. Native Dreams is owned by Tangerine Risberg who is Taos Pueblo.,Varies,M-Sa 10am-7pm; Su 11am-6pm,www.nativedreamsalonspa.com,
Other Native Businesses,Pala Store,33.364978 -117.07429300000001,Located on the Pala Reservation^ and owned by a member of the Pala Band of Mission Indians^ the Pala Store is a complete market with full service deli. Established in 1897^ the Pala Store is the longest running business on the reservation.,Varies,M-Th 6-6^ F-Su 7:30-5,,
Other Native Businesses,Pala Tub,33.3654446 -117.07791079999998,Located on the Pala Reservation^ and owned by a member of the Pala Band of Mission Indians^ the Pala Tub is a state of the art laundromat facility. The Pala Tub features a smart touch value transfer machine and is open to the public.,Varies,8am-6pm,,
Other Native Businesses,Rik Mazzetti & Son Garage ,33.273502 -116.953657,Rik Mazzetti & Son Garage is owned by Rik Mazzetti who is a member of the Rincon Band of Luiseno Indians. The garage is a full service automotive repair facility located on the Rincon Reservation. They specialize in tune ups^ oil changes^ brake service^ air conditioning repair^ transmission repair^ car battery replacement^ vehicle alignment^ engine rebuilding^ and more. ,Varies,M-F 8-5; Sa 8-2,,
Other Native Businesses,Tafoya & Son,32.754594 -117.197802,Tafoya & Son specializes in providing unique handmade designs from the Indigenous people from the San Diego area. They carry a vast array of patterns from classic talavera pieces to the unique Batik styles of the Guerrero regions. Tafoya & Son  is owned by Christopher Tafoya who is a member of the Juaneno Band of Mission Indians - a California state recognized tribe. The Juaneno originally lived along the coast in areas that are now Orange and San Diego Counties.,Varies,M-Sa 10-6; Su 12- 5,www.tafoyajewelry.com,
Other Native Businesses,The San Diego House,32.754511 -117.197857,The San Diego House is one of San Diego's leading provider of importing coffee and tea that is of the highest quality. We take pride in our robust selection of coffee and tea including more than 400 loose leaf teas and 75 gourmet coffees that can be served in house or taken home to be brewed later. The San Diego House is owned by Christopher Tafoya who is a member of the Juaneno Band of Mission Indians - a California state recognized tribe. The Juaneno originally lived along the coast in areas that are now Orange and San Diego Counties.,Varies,Su-Th10-8; F&Sa 10-9,http://americanhousecoffeetea.com/,
Other Native Businesses,Weeping Buffalo Native Arts,32.733231 -117.14747499999998,Weeping Buffalo Native Arts is owned by Margaret Blackbear who is Cheyenne/Lakota/Blackfoot. Weeping Buffalo is a store focusing on traditional and contemporary plains arts and crafts. The store is located at the Balboa Park Spanish Village Studio 13 where the owner does mixed media art and beadwork. The owner also has a store in Jacumba^ CA approximately 70 miles west of Downtown San Diego. ,Varies,Sa-Su 11am-4pm,www.weepingbuffalonativearts.com,
Public Museums,Bonita Museum and Cultural Center,32.660987 -117.034594,The Bonita Museum was established as a 1987 Bonitafest function. The current library and museum were completed in November 2005. The museum continues to educate its visitors about the history of the Sweetwater Valley by changing exhibits and events. The society maintains a permanent collection which is also on view. The permanent collection contains Kumeyaay metates^ manos and pottery on display. ,None,W-Sa 10-4,www.bonitahistoricalsociety.org,
Public Museums,Centro Cultural de la Raza,32.727728 -117.14862700000003,The Centro Cultural de la Raza was founded in 1970 as a community center and alternative space that supports and celebrates Chicano^ Mexicano^ Latino^ and Indigenous art and culture in all its forms. The Centro encourages and facilitates artistic expression and cultural interchange in the San Diego/Tijuana region.,$5 suggested donation,T-Su 12-4,www.centroculturaldelaraza.com,
Public Museums,Chicano Park,32.700345 -117.14301999999998,Chicano Park was founded on April 22^ 1970 when the community of Barrio Logan and Chicano movement activists joined forces to protest the construction of a Highway Patrol station on the present site of the park. Protesters led by the Brown Berets^ community activists^ artists^ M.E.Ch.A. and others took over the site and faced police and bulldozers for days while negotiations took place that resulted in the land being given over for a community park. By claiming Chicano Park^ the descendants of the Aztecs the Chicano Mexicano people begin a project of historical reclamation. Located beneath the San Diego-Coronado Bridge in Barrio Logan^ a predominantly Mexican American and Mexican-immigrant community in central San Diego^ the park is home to the country's largest collection of outdoor murals^ 72 in total. Murals that appear at Chicano Park feature the American Indian Movement (AIM)^ Yaqui dancers^ and Aztec dancers to name a few.,None,N/A,www.chicano-park.com,
Public Museums,Heritage of the Americas Museum at Cuyamaca College,32.74294 -116.940651,The Heritage of the Americas Museum is located on the campus of Cuyamaca College in Rancho San Diego^ CA. The four wings of the museum take you on a journey through time: the Natural History Wing displays gem^ minerals^ fossils^ etc. from all over the world; the Archaeology Wing houses pre-Columbian artifacts from North^ Central and South America; the Anthropology Wing is filled with post-1492 artifacts from the Americas; and the Art Wing has an outstanding collection of contemporary Western art. The museum is an experience for all ages.,$3 Adults^ $2 Seniors^ Youth free,T-F 10-4; Sa 12-4,www.cuyamaca.edu/museum,
Public Museums,Kumeyaay-Ipai Interpretive Center of Pauwai ,32.954129 -117.055666,The Kumeyaay-Ipai Interpretive Center of Pauwai (Poway) is a five acre site rich in the local history of the Kumeyaay-Ipai Indian tribes. Follow the trails past ramadas^ interpretive signage^ native gardens and a replica of an 'ewaa (native Kumeyaay house). Morteros (grinding stones ) left by the original Kumeyaay inhabitants still remain on this historic site. Also visit the new Education Center to view artifacts and other interesting historical items and photos. ,None,Sa 9am-12pm,www.friendsofthekumeyaay.org,
Public Museums,San Diego Archaeological Center,33.089303 -116.980831,The San Diego Archaeological Center is a museum and curation facility^ housing artifacts used by the Indigenous people who have lived in San Diego County for the past 10^000 years. In addition to its role as a museum^ the Center serves as an education and research facility and is the only local organization dedicated to the study^ curation and exhibition of San Diego County archaelogical artifacts. The Center's exhibits change frequently and feature pottery^ stone tools and historic period artifacts.,$2 per person or $5 per family and Center Members receive free admission,M-F 9-4; Sa 10- 2,www.sandiegoarchaeology.org,
Public Museums,San Diego Children's Discovery Museum,33.124545 -117.082316,San Diego Children's Discovery Museum is a hands-on museum for children ages 0-10 to learn through play. SDCDM's exhibits and programs encourage children to explore^ imagine^ experiment^ and discover through hands-on science^ art^ and world cultures activities. The Museum has designated an area for Native California which includes a tule reed and willow branch home^ native plant garden^ and program space^ and plans to partner with local groups to further develop the Native California programs and activities.,Members free; $6 children & adults^ discount w/ military ID,Su-Sa 9:30-4:30,www.sdcdm.org,
Public Museums,San Diego History Center,32.730716 -117.148637,The San Diego History Center tells the diverse story of our region - past^ present and future - educating and enriching our community^ preserving our history and fostering civic pride. The History Center collections include artifacts and photographs that highlight the heritage of the Kumeyaay. A portion of the artifacts and photographs are on display in the permanent exhibit "San Diego: Place of Promise."  The collections include the Edward H. Davis Collection of Indian Photographs and Drawings^ 1900s-1940s.,$10 Adults^ $8 Seniors (65+)^ $6 Youth,10am-5pm Sun-Sat,www.sandiegohistory.org, 
Public Museums,San Diego Museum of Art,32.732101 -117.150531,The San Diego Museum of Art is a fine arts museum located in Balboa Park in San Diego^ CA and houses a broad collection with particular strength in Spanish^ Southest Asian^ and Modern art. The museum's art collection ranges from 5000 BC to the present. The museum recently expanded its holdings in the art of African^ Pacific^ and Native American cultures. ,$12 adults^ $9 seniors^ military^ youth $4.50 7-17; college students $8,M^ T^ Th^ F & S 10am-5pm; Su 12pm-5pm,www.sdmart.org,
Public Museums,San Diego Museum of Man,32.73152 -117.15234499999997,The San Diego Museum of Man is an anthropology museum located in Balboa Park^ San Diego^ CA and housed in the historic landmark buildings of the California Quadrangle. On the second floor^ the museum houses an exhibit entitled "Kumeyaay: Native Californians." This exhibit explores traditional Kumeyaay lifeways^ featuring the art of pottery and basket making^ food procurement^ dress and adornment^ traditional medicine^ games^ and ceremonies. Artifacts and photographs from the museum's collection highlight the rich cultural heritage of the Kumeyaay^ offering a glimpse of the life of the ancestors of today's present day people. The rotunda of the museum currently has an exhibit on Kumeyaay astrology with a graphical depiction of constellations. ,$12.50 adults; $10 seniors^ military^ students 13-17; $8 college; $6 youth 3-12; children 3 & under free,10am-5pm Daily,www.museumofman.org,
Public Museums,San Diego Natural History Museum,32.73162 -117.152377,The San Diego Natural History Museum is located in Balboa Park in San Diego^ CA. The museum was founded in 1874. The museum houses one exhibition about the Indigenous Peoples in the area entitled "Water: A California Story." This exhibition tells the story of the Kumeyaay's historical water use to the current use in the San Diego area. The exhibition^ located on Level 1^ features features photos^ maps^ video^ and hands-on activities^ natural history specimens^ live animals^ and more. ,$17 adults^ $15 seniors^ $12 military^ $11 youth 3-17,10am-5pm Daily,www.sdnhm.org,
Public Museums,The Junipero Serra Museum,32.7596781 -117.19347319999997,The Junipero Serra Museum^ located in Presidio Park^ is one of the most familiar landmarks in the City of San Diego and interprets the founding of the Royal Presidio of San Diego^ a National Historic Landmark. Exhibits^ artifacts and photographs from the collection of the San Diego History Center highlight the heritage of the Kumeyaay and their relationships with the City of San Diego through the mission system. Dedicated in 1929^ and built to house the collections of the San Diego Historical Society (today the San Diego History Center) the Serra Museum was commissioned by San Diego Businessman and Philanthropist George Marston and was designed by architect William Templeton Johnson. The Serra Museum is considered a prime example of Mission Revival architecture and remains the primary architectural feature of Presidio Park today.,$6 adults; $4 seniors^ military^ students; $3 youth 6-7; under 6 free,F-Su 10am-5pm,www.sandiegohistory.org/serra_museum.html,
Public Museums,The Water Conservation Garden,32.7429819 -116.94058319999999,The Water Comservation Garden  contains a Native Plant Garden^ which showcases not only  the plants that are  indigenous to the region^ but also many of the tools that the Native people in the area used to harvest their traditional foods and plants. At the Native Plant Garden^ children will enjoy griding acorns on the mano and metate.,Yes $3 adults^ $1 children (5-17),9am-4pm,www.thegarden.org,
Public Museums,Warner-Carrillo Ranch House Museum (SOHO),33.2455691 -116.67046909999999,The Warner Ranch House sits on the territorial homelands of the Cupeno people in what is now Warner Springs^ CA (Kupa). In 1844^ Governor Manuel Micheltorena granted 44^322 acres to Juan Jose Warner who built the Warner Ranch House. The Ranch House was the southern overland route into California^ and was a popular Stage stop enroute to San Francisco. The Warner's Ranch House was designated A Registered National Historic Landmark in 1962. The facility provides resources and presentations regarding the Cupeno people that lived in the area.,$5 Adults^ $4 Seniors^ $3 Children,Sat & Sun 12-4pm,http://www.sohosandiego.org/warners/visit.htm,
Public Museums,Women's Museum of California,32.7387073 -117.2122278,The Women's Museum of California is one of only five museums of women's history in the country. The mission of the Women's Museum of California is to educate and inspire present and future generations about the experiences and contributions of women by collecting^ preserving^ and interpreting the evidence of that experience. Past exhibitions include "Gifts of our Sisters - Lost and Found" a traveling exhibit about the lives of Kumeyaay women. From birthing rituals to puberty rites^ the Kumeyaay mark their life's milestones in unique ways. An upcoming exhibition in November 2015  will feature California Indigenous Women Artists.,$5 adults^ $3 seniors/students,12-4 W-Sun,www.womensmuseumca.org,
Spanish Missions,Mission Basilica San Diego de Alcala (Mission San Diego),32.784635 -117.10600099999999,Located in San Diego's Mission Valley area^ Mission San Diego de Alcala was bult in 1769 as the first Spanish mission in California. The Mission was only marginally successful in its attempts at converting the local Kumeyaay people. The Kumeyaay were so resistant to converting to Catholicism that not one conversion was recorded in the first year. This was in part because of food shortages at the mission^ the inability to provide the Natives with promised clothing^ the ability of the Kumeyaay to freely enter and exit the mission^ but mainly due to the Kumeyaay's spirit of independence. In 1775^ after strained relationships between Spanish soldiers^ missionaries^ and the Natives^ several hundred Kumeyaay launched an attack on the Mission^ destroying it by fire. The mission was rebuilt the following year in 1776. Initially^ Missions were established by Spanish missionaries because the Spanish misunderstood Native culture and ways of life as uncivilized and felt the only way to civilize them was to convert them to Catholicism. Each Mission experience was different and changed through the years. Many missions in the beginning^ enslaved the local indigenous peoples^ while later^ some missions were seen by the Natives as a peaceful place where they had access to community^ food^ and education. Today^ many Native people continue to use the Missions as a place of worship and a notable place of history and culture^ while others see the missions as a painful part of their history which contributed to the genocide of indigenous peoples. With respect to all viewpoints^ the Spanish Missions played an important part of the Indigenous history of the San Diego region. This site has not agreed to participate in the development of the Indigenous San Diego App; information has been independently obtained from public sources.,None,M-Su 9-4:30,www.missionsandiego.org,
Spanish Missions,Mission San Antonio de Pala Asistencia (Mission Pala),33.366399 -117.072944,Mission San Antonio de Pala was established by Father Antonio Peyri in 1816 as one of the "asistencias^" an extension or sub-mission to Missions San Luis Rey de Francia in Oceanside. Located in Pala on the Pala Reservation^ the mission sits near the Pala Tribe's Education and youth centers and the Vivian Banks Elementary School. The Mission is used today as a church for both the Native and non-Native communities. San Antonio de Pala is the only surviving asistencia that still serves its original Native population. Initially^ Missions were established by Spanish missionaries because the Spanish misunderstood Native culture and ways of life as uncivilized and felt the only way to civilize them was to convert them to Catholicism. Each Mission experience was different and changed through the years. Many missions in the beginning^ enslaved the local indigenous peoples^ while later^ some missions were seen by the Natives as a peaceful place where they had access to community^ food^ and education. Today^ many Native people continue to use the Missions as a place of worship and a notable place of history and culture^ while others see the missions as a painful part of their history which contributed to the genocide of indigenous peoples. With respect to all viewpoints^ the Spanish Missions played an important part of the Indigenous history of the San Diego region. This site has not agreed to participate in the development of the Indigenous San Diego App; information has been independently obtained from public sources.,None,W-F 9-4^ Sa 9-5^ Su 9-2,www.missionsanantonio.org,
Spanish Missions,Mission San Luis Rey de Francia,33.23268 -117.31941499999999,Located in Oceanside^ CA^ Mission San Luis Rey was founded in 1798. During this period^ the missionaries imposed the name San Luiseno^ or Luiseno^ on the local Indigenous inhabitants of the land. The mission was more successful than the Mission San Diego de Alcala at converting the local Luiseno villages to Catholicism due to the agricultural success of the area and its ability to produced large quantity of foods for the Indigenous populations. Unfortunately^ many Luiseno people suffered and died as a result of the European diseases^ forced labor and loss of the way of life due to relocation and conversion to Catholicism. Luiseno people during this time were also forced into servitude^ slavery or imprisonment for not complying with the Spanish Mission system. Initially^ Missions were established by Spanish missionaries because the Spanish misunderstood Native culture and ways of life as uncivilized and felt the only way to civilize them was to convert them to Catholicism. Each Mission experience was different and changed through the years. Many missions in the beginning^ enslaved the local indigenous peoples^ while later^ some missions were seen by the Natives as a peaceful place where they had access to community^ food^ and education. Today^ many Native people continue to use the Missions as a place of worship and a notable place of history and culture^ while others see the missions as a painful part of their history which contributed to the genocide of indigenous peoples. With respect to all viewpoints^ the Spanish Missions played an important part of the Indigenous history of the San Diego region. This site has not agreed to participate in the development of the Indigenous San Diego App; information has been independently obtained from public sources.,Museum $5,Su-Sa 7-5^ Museum 10-4:30,www.sanluisrey.org,
Spanish Missions,Santa Ysabel Asistencia,33.130696 -116.67810600000001,Also known as the "Church of the Desert^" the Mission Santa Ysabel Asistencia was founded in 1818 as an extension of Mission San Diego de Alcala and is located on the Santa Ysabel Reservation. Santa Ysabel Mission had a higher-than-average conversion rate when compared to the other California missions. By 1822^ there were approximately 450 new converts consisting of both Luiseno and Diegueno peoples. Santa Ysabel Asistencia sits in one of the most serene locations in San Diego County. The Mission consists of a chapel^ museum^ Indian cemetery^ and gift shop. Mission Santa Ysabel is California Registered Historical Landmark No. 369. Initially^ Missions were established by Spanish missionaries because the Spanish misunderstood Native culture and ways of life as uncivilized and felt the only way to civilize them was to convert them to Catholicism. Each Mission experience was different and changed through the years. Many missions in the beginning^ enslaved the local indigenous peoples^ while later^ some missions were seen by the Natives as a peaceful place where they had access to community^ food^ and education. Today^ many Native people continue to use the Missions as a place of worship and a notable place of history and culture^ while others see the missions as a painful part of their history which contributed to the genocide of indigenous peoples. With respect to all viewpoints^ the Spanish Missions played an important part of the Indigenous history of the San Diego region. This site has not agreed to participate in the development of the Indigenous San Diego App; information has been independently obtained from public sources.,None,7:30am-3pm,http://missiontour.org/sandiego/asistencia.htm,
Tribal Lands,Barona Band of Mission Indians Reservation,32.942105 -116.855939,In 1932^ without a homeland but with some federal monies allotted from the sale of the Capitan Grande Reservation^ a group of the Capitan Grande tribal members purchased the Barona Ranch which today is the Barona Indian Reservation near Lakeside^ about 30 miles northeast of San Diego. For many years living without electricity and other services^ the tribal members tried to create a living through the ranch and farming. Barona now runs a successful Casino^ Resort^ and Golf Course^ and is home to the Barona Cultural Center.The Barona Band of Mission Indians come from the Ipai-Tipai (Diegueno) language group. The population is 536^ and their reservation is 5^664 acres. ,None,N/A,http://www.barona-nsn.gov,
Tribal Lands,Campo Band of Kumeyaay Indians Reservation,32.662084 -116.370444,The Campo Reservation is located approximately 63 miles southeast of Downtown San Diego atop the Laguna Mountains. The Campo Band of Kumeyaay Indians come from the Kumeyaay (Diegueno) language group. The Kumeyaay's historic territory reached from northern San Diego County to the Salton Sea and 50 miles into Baja California. The population of the Band is 351^ and their reservation is 15^336 acres. Campo now runs the Golden Acorn Casino and Travel Center off of Interstate 8. Other economic development projects include Campo Materials and Kumeyaay Wind.,None,N/A,http://www.campo-nsn.gov,
Tribal Lands,Capitan Grande Reservation,32.925983 -116.729328,This 15^615 acre reservation is uninhabited and held in trust by the Federal Government for both the Viejas and Barona Bands of the Kumeyaay nation near Laguna-Pine Valley^ CA. The Capitan Grande Reservation once housed the families of the entire Capitan Grande Band of Diegeno Mission Indians. When the city forcibly purchased the Capitan Grande Canyon to create the El Capitan Reservoir in 1931^ the resident families were displaced. The Baron-Long families ultimately were moved to the Viejas Ranch (now Viejas Reservation) and the Coapan Band were moved to the Barona Ranch (now Barona Reservation).This reservation currently serves as an Ecological Preserve.,None,N/A,N/A,
Tribal Lands,Ewiiaapaayp Band of Kumeyaay Indians Reservation,32.910709 -116.743752,The Ewiiaapaayp Band of Kumeyaay Indians^ formerly known as the Cuyapaipe Community of Diegueno Mission Indians of the Cuyapaipe Reservation^ is a federally recognized tribe of Kumeyaay Indians^ who are sometimes known as Mission Indians. The main reservation was created in 1891 by the US Congress. The main Ewiiaapaayp Reservation is 4^102 acres^ and the other parcel is 10 acres. Only one percent of the larger parcel is arable^ so there are no public utilities are available on this parcel. Because of the inaccessibility to the land^ many Ewiiaapaayp families moved and enrolled in other Kumeyaay tribes. Ewiiaapaayp also have trust land near Alpine^ CA which is leased to the Southern Indian Health Council. ,None,N/A,www.sctca.net/ewiiaapaayp-band-kumeyaay-indians,
Tribal Lands,Iipay Nation of Santa Ysabel Reservation,33.158375 -116.66752,The Santa Ysabel Reservation is located about 40 miles east of Escondido^ on Highway 76^ south of Los Coyotes Reservation. Santa Ysabel is situated on the slopes of the Volcan Mountains^ at nearly 4^500 feet. The rugged^ wooded area provides a sense of solitude for the reservation's residents. Nearby the Iipay Nation's reservation is the Santa Ysabel Mission^ museum^ and cemetery.,None,N/A,www.iipaynation-nsn.com,
Tribal Lands,Inaja Band of Diegueno Mission Indians Reservation,33.010046 -116.644743,The Inaja-Cosmit Reservation is located 36 miles northeast of Downtown San Diego. The tribal lands consist of two parcels of rather remote and somewhat inaccessible land at the base of Cuyamaca Peak. Deep winter snows and a lack of facilities make these locations inhospitable to all but the hardiest. The Inaja-Cosmits are governed by a tribal chairperson^ and they maintain a tribal office in Escondido^ California. Members of the Inaja-Cosmit Band belong to the Kumeyaay Nation. Tribal lands of the Kumeyaay Nation extend from San Diego and Imperial Counties in California to territories 60 miles south of the Mexican border. The Kumeyaays are members of the Yuman-language branch of the Hokan linguistic group. ,None,N/A,http://www.sctca.net/inaja-cosmit-band-indians,
Tribal Lands,Jamul Indian Village Reservation,32.703303 -116.867127,Jamul Indian Village of California is one of thirteen Bands of the Kumeyaay Nation federally recognized as a sovereign nation.  The Village is located approximately 20 miles east of downtown San Diego on State Route 94.  The small reservation will be the home of the $360 million Hollywood Casino Jamul^ which is currently under construction and slated to open in 2016.  The  St. Francis of Xavier Church^ built circa 1900^ is adjacent to the Jamul Indian Village.,None,N/A,www.jamulindianvillage.com,
Tribal Lands,La Jolla Band of Luiseno Indians Reservation,33.273574 -116.852236,The La Jolla Reservation spans 8^541 acres along the southern slopes of Mount Palomar and descends in cascading terraces to the cool forests of the upper reaches of the San Luis Rey River. The reservation is located off State Highway 76^ 25 miles east of Escondido and 60 miles northeast of San Diego. The La Jolla Reservation lies within traditional Luiseno territory. Members of the La Jolla Band belong to the Luiseno Nation. Tribal members have resided in the region for thousands of years. The La Jolla reservation is home of the La Jolla campground^ offering RV sites^ cabins and tent camping and inner tube river rides.  ,None,N/A,www.lajollaindians.com,
Tribal Lands,La Posta Band of Mission Indians Reservation,32.705531 -116.36106,The La Posta reservation is located 56 miles east of San Diego and 46 miles west of El Centro in the Laguna Mountains^ with its southwest corner bordered by interstate 8. The 3^556 acre reservation does not currently have a visitor serving commercial enterprise. The reservation borders the Cleveland National Forest. The residents of La Posta Reservation are members of the Kumeyaay Nation The group's language belongs to the Yuman branch of the greater Hokan linguistic family. The Kumeyaays' traditional territory encompassed what is now southern San Diego County and northern Baja California.,None,N/A,www.lptribe.net,
Tribal Lands,Los Coyotes Band of Cahuilla and Cupeno Indians Reservation,33.276975 -116.649439,With some 25^000 acres of federally-recognized sovereign tribal land^ the Los Coyotes Indian Reservation is the largest reservation in San Diego County^ and it rests in some of the most beautiful^ unspoiled^ remote and inaccessible high mountain wilderness areas of the Southern California countryside.  A scenic 1.5-hour^ 80-mile drive northeast from downtown San Diego^ Los Coyotes reservation is located approximately 15 miles northwest of Anza-Borrego Desert State Park; approximately 30 miles north of Cleveland National Forest; approximately 20 miles east of Palomar Mountain State Park; approximately 15 miles north of Julian; approximately 5 miles east of Warner Springs^ Calif.  The Los Coyotes campground and horse ridings facility provide a unique perspective  on backcountry in San Diego County.,None,N/A,http://www.sctca.net/los-coyotes-band-cahuilla-and-cupe%C3%B1o-indians,
Tribal Lands,Manzanita Band of the Kumeyaay Nation Reservation,32.750535 -116.342655,The Manzanita Reservation is located in southeastern San Diego County^ California. Manzanita adjoins Campo Indian Reservation on the south and La Posta Reservation on the west. It is about 67 miles east of the City of San Diego on Interstate 8 and is six miles away from Boulevard^ CA. The reservation lies within 10 miles of the U.S.-Mexico border. Members of the Manzanita Band belong to the greater Kumeyaay Nation. ,None,N/A,http://www.sctca.net/manzanita-band-kumeyaay-nation,
Tribal Lands,Mesa Grande Band of Mission Indians Reservation,33.187811 -116.778861,Sitting at about 3^500 feet above sea level^ the Mesa Grande Reservation is located in northern San Diego County^ about 75 miles northeast of San Diego^ CA. Positioned on a high plateau above Black Canyon^ next to the Cleveland National Forest^ Mesa Grande is remote^ quiet^ scenic and unspoiled. Mesa Grande's 1^820 acres is home to approximately 130 of the tribe's over 800 enrolled members. The Mesa Grande Band is one of the thirteen bands that that compile the Kumeyaay Nation. The Band is currently pursuing business interests through their Tribal holding company^ Tekamuk Enterprises^ in several areas^ including renewable energy development^ waste management and recycling^ training and event production and vendor services to private and government business. ,None,N/A,www.mesagrandeband-nsn.gov,
Tribal Lands,Pala Band of Mission Indians Reservation,33.365151 -117.07648,The Pala Reservation^ consisting of over 12^000 acres of trust land^ is located in North County San Diego along Highway 76.  Members of the Pala Band belong to the Kuupangaxwichem^ or Cupeno^ and Luiseno tribes.  The Pala Reservation represents one of the communities of Indians who were forced together by Spanish missionaries during the 1800s and later by the federal government Although the original homelands of the Cupeno is Kupa (present day Warner Springs^ CA)^ home to medicinal^ natural hot springs^ the families were evicted from their homes in 1903 and forced to embark on a 40 mile journey from Kupa to Pala^ where they were relocated. Today Pala runs the successful Pala Casino Spa Resort^ and is also home to the Pala Raceway^ Skatepark^ Cupa Cultural Center^ and Pala Rez Radio 91.3. ,None,N/A,www.palatribe.com,
Tribal Lands,Pauma Band of Luiseno Indians Reservation,33.333013 -116.985647,The Pauma and Yuima Reservations are located in Pauma Valley^ CA  at the foothills of Mount Palomar. The nearly 6^000 acre Pauma Reservation encompasses only a small portion of the traditional territory^ which expanded into northern San Diego^ Riverside^ and Orange Counties. Historically known as the Pauma-Yuima Band of Mission Indians^ the Pauma Band is one of six federally recognized Indian tribes in the mid-southern California area who share Luiseno tribal affiliation^ language^ and traditions. The Pauma Band now runs the successful Casino Pauma and produces Haas avocados^ Valencia oranges^ and lemons on approximately 60 acres.,None,N/A,www.paumatribe.com,
Tribal Lands,Rincon Band of Luiseno Indians Reservation,33.263369 -116.960583,The Rincon Reservation is in the northeastern corner of San Diego County along the San Luis Rey River in Valley Center^ CA. Members of the Rincon Band belong to the Luiseno Nation. Rincon runs the successful Harrah's Resort Southern California^ a gaming and resort experience^ as well as the Rincon Travel Plaza.  Indian Health Council^ Inc.'s main facility is located adjacent to the RIncon Reservation along with the All Tribes American Indian Charter School. The RIncon Reservation is also home to the Wasxayam Pomki Museum.,None,N/A,www.rincontribe.org,
Tribal Lands,San Pasqual Band of Indians Reservation,33.221948 -116.969087,The current San Pasqual Reservation is comprised of five separate^ noncontiguous tracts of dry^ scrub-oak hill country in southern California. It adjoins the rural community of Valley Center approximately 40 miles north of San Diego^ 12 miles from Escondido^ and 25 miles inland from the Pacific Ocean. The San Pasqual Band is one of the twelve Kumeyaay Nations in San Diego County. San Pasqual runs the Valley View Casino and Hotel and Woods Valley Golf Club.,None,N/A,http://www.sanpasqualbandofmissionindians.org/,
Tribal Lands,Sycuan Band of the Kumeyaay Nation Reservation,32.77809 -116.840015,Sycuan Reservation is located in southern California^ six miles from El Cajon and within 20 miles of San Diego^ off Highway 8 east.  The Sycuan Reservation is located in Dehesa Valley and is comprised of 640 acres of federal trust land.The Sycuan Band is one of the thirteeen bands that make up the Kumeyaay Nation.  Today^ Sycuan runs the Sycuan Casino^ Sycuan Golf Resort^ US Grant Hotel^ Hotel Solamar^ Best Western Marina Gateway Hotel^ and UP Smoke Shop.,None,N/A,www.sycuantribe.org,
Tribal Lands,Viejas Band of Kumeyaay Indians Reservation,32.849496 -116.692243,The Viejas Reservation was esablished in 1934 and is located 35 miles each of San Diego^ north of interstate 8 and the city of Alpine. It is surrounded by the Cleveland National Forest. Viejas is one of the thirteen different Bands of the Kumeyaay Nation. Originally inhabitants from the Capitan Grande Resrvation^ the members of Viejas are direct descendents from the families that were forced from Capitan Grande who pooled their shares of dam-site purchase money to buy Viejas Valley. Viejas runs the Viejas Casino and Resort^ the Viejas Outlet Center^ and the Ma-Tar-Awa Recreational Vehicle Park.,None,N/A,www.viejasbandofkumeyaay.org,
Tribal Owned Businesses,Barona Creek Golf Club,32.940691 -116.87137799999999,Located on the Barona reservation and part of the Barona Resort and Casino^ Barona Creek Golf Club has been ranked one of the Best Resort Courses in California and one of the Best Casino Courses in the U.S. Barona Creek Golf Club has also been recognized as an Environmental Green Star Award recipient. ,None,Su-Sa: 8-4,www.barona.com/golf,
Tribal Owned Businesses,Barona Resort & Casino,32.93984 -116.873828,Located on the Barona Reservation^ the Barona Resort & Casino has AAA Four Diamond Award winning accomodations and 9 dining options. The Casino has 2^000 slots and over 80 gaming tables.In 2014^ the casino won Best Casino Dining by the California Restaurant Association^ San Diego chapter. The Casino has several dining options: Seasons Fress Buffet^ Safe Cafe^ Italian Cucina^ Plaza Grill^ Barona Steakhouse^ Ho Wan Noodle Shop^ El Rancho Grande^ a food court^ and Fun Bites. The Barona Cultural Center & Museum is located 1.6 miles east of the Barona Resort & Casino.,None,24/7,www.barona.com,
Tribal Owned Businesses,Best Western Marina Gateway Hotel,32.658914 -117.109914,In 2003^ the Sycuan Tribal Development Corporation became partners with MRW Group and Latino Builders to form the Marina Gateway Company. The partnership developed a 173-room hotel^ restaurant and market to revitalize the National City waterfront. Opening in 2009^ this $36 million project began National City's bay front transformation from industrial to recreational and retail.,None,24/7,http://book.bestwestern.com/bestwestern/US/CA/National-City-hotels/BEST-WESTERN-PLUS-Marina-Gateway-Hotel/Hotel-Overview.do?propertyCode=05689,
Tribal Owned Businesses,Casino Pauma,33.328232 -116.99210299999998,Located on the Pauma reservation off highway 76 in Pauma Valley^ CA^ Pauma casino features a concert venue^ buffet and cafe^ as well as table games and slot machines. The casino is located in the midst of citrus orchards and overlooks beautiful Pauma Valley.,None,24/7,www.casinopauma.com,
Tribal Owned Businesses,Golden Acorn Casino & Travel Center,32.940691 -116.87137799999999,Located on Interstate 8 approximately 60 miles east of Downtown San Diego^ Golden Acorn Casino is San Diego's only Truck Stop Casino.The Truck Stop has clean restrooms^ hot showers^ plenty of truck parking^ laundry facilities^ TV lounge^ DAT load board^ and fast Internet. The Truck Stop also has several dining options: the Golden Grill Restaurant^ Del Oro Deli^ and Gold Bar. ,None,24/7,www.goldenacorncasino.com,
Tribal Owned Businesses,Harrah's Resort Southern California,33.267484 -116.95543299999997,Located on the Rincon reservation in Valley Center^ CA^ Harrah's Resort Southern California is one of the largest casino resorts in the state. The resort features an event center^ spa^ a lazy river^ nightlife^ and nine dining options^ including a Starbucks^ Pink's Hot Dogs^ and Earl of Sandwich.,None,24/7,www.harrahsresortsoutherncalifornia.com,
Tribal Owned Businesses,La Jolla Campground,33.2739098 -116.8519761,Located on the La Jolla reservation^ the La Jolla Campground is nestled along the San Luis Rey River and among the foothills of Palomar Mountain.  The campground is unique in San Diego because it is the only one with a river runnnig through^ and tubing is a featured activity. With 36 RV sites with hookups^ guests can choose from two great options^ rustic tent camping or RV camping.  There is a sports bar on site and a convenience store and gas station right outside the campground.,None,24/7,www.lajollaindians.com,
Tribal Owned Businesses,La Jolla Zip Zoom,33.2739098 -116.8519761,Located on the La Jolla Reservation^ the La Jolla Zip Zoom zip line is the longest zip line in the State of California. If you are into extreme sports or camping^ this is the place for you.,Varies,Unknown,https://www.facebook.com/pages/La-Jolla-Zip-Zoom-Zip-Line/473962162773058?fref=ts,
Tribal Owned Businesses,Ma-Tar-Awa Recreational Vehicle Park,32.84801 -116.68329399999999,Sitting on 133 sheltered acres of the Viejas Reservation^ Ma-Tar-Awa RV Park features a convenience store^ laundry facility^ arcade room^ propane service^ swimming pool and jacuzzi^ 99 RV hookups and campsites. The park offers free transportation to Viejas Casino.,$25-$35,N/A,www.matarawarvpark.com,
Tribal Owned Businesses,Pala Casino Spa Resort,33.363201 -117.08456000000001,Located on the Pala Reservation^ Pala Casino Spa & Resort includes a Las Vegas-style casino with 2^000 slot machines^ 13-table poker room that hosts live play and championship tournaments and 87 table games; a 507-room hotel; a 10^000-square-foot^ full-service spa and salon that features 14 treatment rooms; a state-of-the-art fitness center; swimming pool with 12 private poolside cabanas^ and dual-temperature outdoor whirlpool. Pala also offers two shops^ 11 restaurants and 40^000 square feet of meeting and convention space.,None,24/7,www.palacasino.com,
Tribal Owned Businesses,Pala Fitness Center & Skate Park,33.366563 -117.068916,Located on the Pala Reservation^ the Pala Fitness Center and Skate Park is owned and operated by the Pala Band of Mission Indians and is open to the public. The fitness center includes state of the art work out machines^ mens and womens locker rooms^ an indoor basketball court^ and an outdoor pool. The skate park is a popular local attraction for youth of all ages^ especially during the summer season.,Varies,M-F 6-10^ Sa 8-4:30^ Su 10-2,www.palatribe.com/programs/Fitness-Center,
Tribal Owned Businesses,Pala Postal,33.3661491 -117.0755858,Located on the Pala Reservation^ Pala Postal is a local post office owned and operated by the Pala Band of Mission Indians. The Post Office serves the local community in Pala^ CA and is open to the public.,-,8:-4:30,N/A,
Tribal Owned Businesses,Pala Raceway,33.368218 -117.05554899999998,Pala Raceway is located on the Pala Reservation and has tracks catering to all sorts of off-road motor sports including Motocross^ Quads^ Peewee^ UTV's^ and Super Cross. The Pala Raceway also offers camping Thursday-Saturday nights and is open to the public.,Varies,T-Su 8-6,www.raceway.palatribe.com,
Tribal Owned Businesses,Pala Transfer Station,33.3642621 -117.0993618,Located on the Pala Reservation^ the Pala Transfer Station is a solid waste management program where the local community can drop off everything from household garbage^ green waste^ old tires^ household hazardous waste^ electronic waste^ as well as reusable clothes and other household items. The Pala Transfer Station also provides mulch for sale^ which is made on site from recycled green waste. The Pala Transfer Station is open to the public.,Varies,M-Sa: 8-4,http://ped.palatribe.com/pala-transfer-station/,
Tribal Owned Businesses,Rincon Travel Plaza,33.260057 -116.95561,Located on the Rincon reservation in Valley Center^ CA^ the Rincon Travel Plaza is owned by the Rincon Economic Development Corporation. The Travel Center contains a gas station^ convenience store^ sandwich shop^ and car wash.,None,24/7,www.rincontribe.org,
Tribal Owned Businesses,Sycuan Casino,32.784754 -116.83180099999998,Located on the Sycuan Reservation^ the Sycuan Casino is owned and operated by the Sycuan Tribe. The Sycuan Casino is located only 30 minutes east of downtown San Diego^ in the beautiful Dehesa Valley. An easy drive from the city and surrounding communities^ a day of exciting gaming^ dining and entertainment is all just a short drive away!,None,24/7,www.sycuan.com,
Tribal Owned Businesses,Sycuan Golf Resort,32.7845 -116.88360499999999,Located on the Sycuan Reservation^ the Sycuan Golf Resort is owned and operated by the Sycuan Tribe. The Sycuan Golf Resort is located only 30 minutes east of downtown San Diego. Sycuan Golf Resort offers all of the amazing amenities that you are looking for in a destination vacation. Enjoy massive green expanse^ dramatically set off by enormous trees^ striking rock formations and rocky^ brush covered hills on this 18-hole golf course. Get comfortable in the hotel featuring 100 spacious guest rooms with 18 luxurious suites. Discover incredible dining at the Sycuan Cafe Grill or Echo's Lounge.,None,Su-Sa 5:30-7:30,www.sycuanresort.com,
Tribal Owned Businesses,THE US GRANT,32.716169 -117.161518,THE US GRANT located downtown San Diego is a 4-Star hotel and a local icon since 1910. THE US GRANT is situated in the city's lively and historic downtown Gaslamp Quarter^ just steps from top shopping^ dining^ and entertainment^ and a short drive from the destination's world-renowned beaches^ museums and family attractions. Inside THE US Grant^ you can dine at the Grant Grill and imbibe at the Grant Lounge. THE US GRANT was built by Ulysses S. Grant^ Jr.^ son of president Ulysses S. Grant^ who named the hotel after his father. President Grant disapproved of the treatment of the Indians of the American West. In 1875^ he passed an executive order setting aside 640 acres of land in Dahesa Valley in East San Diego County for the Kumeyaay Tribes. The hotel changed hands several times since the 1970s. In 2003^ the hotel was purchased by the Sycuan Band of the Kumeyaay Tribe. Throughout the main lobby are exhibits that display traditional Kumeyaay culture such as basketry^ traditional games^ and home life. Additionally^ near the check-in counter is a room that displays an historical overview of THE US GRANT and its connection to the Kumeyaay.,None,24/7,www.usgrant.net,
Tribal Owned Businesses,UP Smoke Shop,32.784754 -116.83180099999998,UP Smoke Shop is located on the Sycuan Reservation and sells tobacco products manufactured and distributed by sovereign Tribal nations in North America. 'UP' is pronounced "oop^" and is the Kumeyaay word for tobacco. UP Smoke Shop offers boutique cigarettes micro-manufactured on sovereign tribal lands.,None,24/7,N/A,
Tribal Owned Businesses,Valley View Casino,33.21932 -116.97267999999997,Valley View Casino and Hotel is located in Valley Center^ CA on the San Pasqual reservation. The casino features six restaurants as well as bars and nightlife. From the Hotel are beautiful sweeping views from Valley Center all the way up to Palomar Mountain. The Casino & Hotel has been open since 2001.,None,24/7,www.valleyviewcasino.com,
Tribal Owned Businesses,Viejas Casino & Resort,32.842226 -116.70525800000001,Located on the Viejas Reservation^ Viejas Casino & Resort features over 2^000 slot machines^ more than 40 table games^ bingo and off-track wagering. Viejas also offers a variety of dining options as well as nightlife.   Among Viejas Hotel's many features are a lush^ spacious pool and lounge area^ two modern Fitness and Business Centers^ 203 deluxe rooms^ and 34 VIP suites. The Viejas Casino & Resort is just off Interstate 8^ 35 minutes east of downtown San Diego.,None,24/7,www.viejas.com,
Tribal Owned Businesses,Viejas Outlet Center,32.839974 -116.70647500000001,The Viejas Outlets are located across from Viejas Casino & Resort on the Viejas Reservation. The Outlet Center in 255^000 square-feet and features dozens of America's favorite brand names. The 37-acre Viejas Outlet Center is an open-air shopping destination with an American Indian village theme. The center reflects the beauty of Alpine's surrounding natural environment with rock formations^ bronze wildlife sculptures and water features throughout the site.,None,M-Sa 108; Su 11-7,www.shopviejas.com,
Tribal Owned Businesses,Woods Valley Golf Club,33.208112 -117.02680199999997,Woods Valley Golf Club is located in Valley Center^ CA and is owned and operated by the San Pasqual Band of Mission Indians. This 18-hole championship golf course at Woods Valley boasts stunning tree-lined fairways and beautiful rolling slopes.The course winds through the community^ following the natural contours of the countryside. ,Rate varies,Su-Sa 6am-7pm,www.woodsvalleygolfclub.com,
Tribal Owned Businesses,Viejas Bowl,32.841197 -116.70454899999998,With 12 lanes^ unbeatable specials^ and Galactic Bowl on Friday and Saturday nights^ Viejas Bowl provides the perfect atmosphere for beginners and serious bowlers alike. Plus^ a great all-American menu^ a wide selection of suds and sodas^ and flat screen^ hi-def TVs make Viejas Bowl the go-to venue for watching sportsor just hanging out. Viejas Bowl is located within the Viejas Outlet Center.,Varies,M-Th 12-10; F 12-11; Sa 9-11; Su 9-10,www.viejasbowl.com,
Tribally Sponsored Museum,Barona Cultural Center & Museum,32.9421047 -116.85593940000001,As San Diego County's first museum on an Indian reservation dedicated to the perpetuation and presentation of the local Kumeyaay-Diegueno Native culture^ the Barona Museum offers a unique educational journey for visitors of all ages. The museum's collection represents thousands of years history^ some objects dating as far back as 10^000 years^ and it demonstrates the artistry and skill of the hemisphere's first inhabitants. The Museum also features contemporary history of the Barona Band of Mission Indians^ including a photographic timeline and stories told through the People's own words. Entrance is Free! ,None,T-F 12-5; Sa 10- 4,www.baronamuseum.org,
Tribally Sponsored Museum,Cupa Cultural Center,33.3661491 -117.0755858,The Cupa Cultural Center was founded in 1974 through the efforts of Pala community members who were dedicated to preserving^ perpetuating^ and enhancing traditional cultural practices. The mission of the Cupa Cultural Center includes continuing research and documentation of Pala's past and present. Classes and activities that focus on such practices as basket making^ beading and traditional arts and crafts are offered to Pala community members. The Cupa Cultural Center is also involved in projects to help preserve and teach the Cupeno language.,None,M-F 9-4:30 ,www.palatribe.com/cupa-cultural-center,
Tribally Sponsored Museum,Southern Indian Health Council,32.835816548051746 -116.72548856720823,Within the Southern Indian Health Council reception area sits a room dedicated to the preservation of the Kumeyaay history and culture. Among the artifacts on display are Kumeyaay baskets and pottery. This exhibit is open to the public and is located on the Ewiiaapaayp reservation. ,None,M-F 8-4:30,www.sihc.org,
Tribally Sponsored Museum,Wasxayam Pomki Museum,33.2738725 -116.95757700000001,Located on the Rincon Reservation^ Wasxayam Pomki Museum features a wide array of newly remodeled exhibits including Luiseno basketry^ comprehensive historical timelines of the diversion of the San Luis Rey River^ the legacy of Luiseno language preservation projects by tribal elders^ digital exhibits addressing the history of the Indian boarding schools^ and exhibits honoring Rincon's military veterans.,None,M-F 1-4,http://www.rincontribe.org/#!culture-history/c1a4e,
